image_name,leg_length,torso_length,shoulder_width,hip_width
MPPS\MPPS\women\3.jpeg,0.45044389300285215,0.2876074289050328,0.24717348688648683,0.13443280210118036
MPPS\MPPS\women\Screenshot 2024-11-17 001027.png,0.4260461734824661,0.18604244493762975,0.1611658094646884,0.09358709257354876
MPPS\MPPS\women\Screenshot 2024-11-17 001225.png,0.4922684356809271,0.2601208735004316,0.2650949917322707,0.15164127045602174
MPPS\MPPS\women\Screenshot 2024-11-17 001425.png,0.5098883574424727,0.3025756306156903,0.2567780201238472,0.1346768385433238
MPPS\MPPS\women\Screenshot 2024-11-17 001446.png,0.48758949894484216,0.2692216341737781,0.25857433328946683,0.14605019690140897
MPPS\MPPS\women\Screenshot 2024-11-17 001455.png,0.4956013529488167,0.2767842827426188,0.2473640277522523,0.12727399828966404
MPPS\MPPS\women\Screenshot 2024-11-17 001503.png,0.515356816481146,0.25692084156062783,0.22788661142474737,0.12006970007799403
MPPS\MPPS\women\Screenshot 2024-11-17 001517.png,0.5339245223758554,0.2803990078469873,0.23844508576807366,0.13322723931341776
MPPS\MPPS\women\Screenshot 2024-11-17 001638.png,0.4600857296322065,0.2564217301426816,0.2611414046441849,0.1861262492605245
MPPS\MPPS\women\Screenshot 2024-11-17 001755.png,0.4395441837438376,0.2641585387660788,0.25003999041592195,0.14406117788535602
MPPS\MPPS\women\Screenshot 2024-11-17 001827.png,0.47626791525942863,0.2729293385050491,0.26987617080679016,0.14381322416319714
MPPS\MPPS\women\Screenshot 2024-11-17 002920.png,0.4385450341957977,0.2756179569345801,0.3023485036100812,0.15663473332105485
MPPS\MPPS\women\Screenshot 2024-11-17 002947.png,0.4920134587859279,0.27851491082426666,0.2961823531236536,0.18994730942863552
MPPS\MPPS\women\Screenshot 2024-11-17 003114.png,0.4526567630514094,0.28254378474818254,0.35945628485517833,0.178516638067805
MPPS\MPPS\women\Screenshot 2024-11-17 003146.png,0.48603299931720456,0.22592587335139425,0.2980679031925338,0.1745667602217849
MPPS\MPPS\women\Screenshot 2024-11-17 003301.png,0.4430315631493474,0.2497876605039656,0.29975171974932957,0.1713505861536911
MPPS\MPPS\women\Screenshot 2024-11-17 003315.png,0.4934799908083093,0.23987760217105614,0.3043803894725075,0.17471765766703384
MPPS\MPPS\women\Screenshot 2024-11-17 003411.png,0.4863881982762844,0.24997587899523,0.33449640491575044,0.18804783665865754
MPPS\MPPS\women\Screenshot 2024-11-17 003507.png,0.4743970920384747,0.24239651046915356,0.2907299353267247,0.16951226273097353
MPPS\MPPS\women\Screenshot 2024-11-17 003542.png,0.4746188165071932,0.24413324796554503,0.2842714923521344,0.16776495923721077
MPPS\MPPS\women\Screenshot 2024-11-17 003644.png,0.5074731175732756,0.2537059327673412,0.29430234653535564,0.17890819371882885
MPPS\MPPS\women\Screenshot 2024-11-17 003731.png,0.47174617617619613,0.2411821818581688,0.2896001600055476,0.17422508555613045
MPPS\MPPS\women\Screenshot 2024-11-17 003750.png,0.4977410700870737,0.26229870001268935,0.333001786543743,0.20028993079377463
MPPS\MPPS\women\Screenshot 2024-11-17 003819.png,0.48828864279432177,0.245468779866195,0.31617081821512866,0.15166129027650468
MPPS\MPPS\women\Screenshot 2024-11-17 003839.png,0.4635651362418535,0.27228277179491434,0.3744827561900779,0.1828937089498616
MPPS\MPPS\women\Screenshot 2024-11-17 003922.png,0.4580262206386666,0.25438543358770616,0.30769676829663145,0.15580296017670722
MPPS\MPPS\women\Screenshot 2024-11-17 003950.png,0.505177090967026,0.24720423932938693,0.28582746251918834,0.1530220608286203
MPPS\MPPS\women\Screenshot 2024-11-17 004059.png,0.46508915143071433,0.2512686174095891,0.33619993231321454,0.1733526375636304
MPPS\MPPS\women\Screenshot 2024-11-17 004159.png,0.47992413404827194,0.25981425401329816,0.3537389771230511,0.18774039874262413
MPPS\MPPS\women\Screenshot 2024-11-17 004416.png,0.4802305247758209,0.2598335865156854,0.32872151820155326,0.1762116974547604
MPPS\MPPS\women\Screenshot 2024-11-17 004542.png,0.48185834529790006,0.23058921664624304,0.3099144246598608,0.18383865209350178
MPPS\MPPS\women\Screenshot 2024-11-17 004556.png,0.45881241664664424,0.27397908917733993,0.3656631805415804,0.20650598939483938
MPPS\MPPS\women\Screenshot 2024-11-17 004626.png,0.4949892415568491,0.2646828911029586,0.3031192945084331,0.1600216189493221
MPPS\MPPS\women\Screenshot 2024-11-17 004645.png,0.5096790151417178,0.2746519769787573,0.382641588050524,0.23329595027137873
MPPS\MPPS\women\Screenshot 2024-11-17 011223.png,0.4761235752749381,0.26640643691075344,0.27966005734407035,0.17416555796865663
MPPS\MPPS\women\Screenshot 2024-11-17 011308.png,0.46320300682495574,0.24133696104817098,0.26299375808121755,0.1378730685587405
MPPS\MPPS\women\Screenshot 2024-11-17 011653.png,0.4742276065621928,0.23617088648164442,0.26518538271355835,0.14347060840086862
MPPS\MPPS\women\Screenshot 2024-11-17 012754.png,0.5268722224838192,0.21312041451744299,0.2196344045930168,0.12433237237642313
MPPS\MPPS\women\Screenshot 2024-11-17 012927.png,0.43378518398524785,0.21326375872784387,0.30077649331840234,0.17178337268791705
MPPS\MPPS\women\Screenshot 2024-11-17 013108.png,0.4853859166678938,0.249878316699062,0.2928925202840035,0.1792857741495047
MPPS\MPPS\women\Screenshot 2024-11-17 013413.png,0.48406973032776,0.2569073173443461,0.34100327302645644,0.20173042295839239
MPPS\MPPS\women\Screenshot 2024-11-17 013606.png,0.49392519978016264,0.2630890166088285,0.3589532467031227,0.21121431400188695
MPPS\MPPS\women\Screenshot 2024-11-17 020740.png,0.4735430703184211,0.2844150014002955,0.298935486210163,0.1624156769135079
MPPS\MPPS\women\Screenshot 2024-11-17 020755.png,0.4801085200035098,0.2754912559703191,0.3233558078810536,0.17770198607361126
MPPS\MPPS\women\Screenshot 2024-11-17 020912.png,0.4604955063206346,0.23046928622098753,0.2923262228926058,0.16572459232211212
MPPS\MPPS\women\Screenshot 2024-11-17 020923.png,0.46980883681998387,0.21893756806106274,0.3399648238694168,0.17558292676931403
MPPS\MPPS\women\Screenshot 2024-11-17 020939.png,0.5266457026718915,0.25762302667915116,0.32392522980153016,0.17051531131175302
MPPS\MPPS\women\Screenshot 2024-11-17 021130.png,0.5059292945226164,0.2526363122401527,0.29407671662023116,0.16605729980480172
MPPS\MPPS\women\Screenshot 2024-11-17 021159.png,0.4809564813692963,0.24913695832288527,0.2713687828912792,0.16928761375915286
MPPS\MPPS\women\Screenshot 2024-11-17 021212.png,0.4945562754691533,0.2808033508277428,0.33335040811674377,0.20089240989519386
MPPS\MPPS\women\Screenshot 2024-11-17 021226.png,0.49746367126260105,0.2768869340980595,0.3583063885338301,0.19327880598810065
MPPS\MPPS\women\Screenshot 2024-11-17 021241.png,0.48416682616488704,0.21247848967459262,0.2837854222797858,0.16075776218593338
MPPS\MPPS\women\Screenshot 2024-11-17 021306.png,0.518072003110054,0.21200503998166045,0.24714498074438837,0.13616934429215874
MPPS\MPPS\women\Screenshot 2024-11-17 021330.png,0.5691031354228533,0.19461083753877917,0.27759545704271765,0.1396412121463898
MPPS\MPPS\women\Screenshot 2024-11-17 021348.png,0.4987242152300723,0.22563376864333548,0.3420994907786604,0.21317238781113257
MPPS\MPPS\women\Screenshot 2024-11-17 022413.png,0.38706004976137864,0.2310329443414837,0.30892910742848806,0.17230280556658925
MPPS\MPPS\women\Screenshot 2024-11-17 022435.png,0.43789708141944444,0.18671135641600745,0.3068869255985906,0.16734300210752884
MPPS\MPPS\women\Screenshot 2024-11-17 224759.png,0.4936820793155728,0.26443604735140974,0.26671118347901845,0.17078418475986626
MPPS\MPPS\women\Screenshot 2024-11-17 225011.png,0.47312150927565116,0.24670769529924436,0.3378775088686359,0.20877734404619994
MPPS\MPPS\women\Screenshot 2024-11-17 225047.png,0.4415536924056921,0.26523366494767975,0.3327172716907221,0.18569587182419295
MPPS\MPPS\women\Screenshot 2024-11-17 230653.png,0.4674345630126505,0.23062737033246108,0.2431747165556311,0.13660174740249212
MPPS\MPPS\women\Screenshot 2024-11-17 230713.png,0.4419635560565972,0.2481911247411282,0.34121243578226756,0.15968489439854977
MPPS\MPPS\women\Screenshot 2024-11-17 230808.png,0.5146976098421934,0.2160834284127859,0.20388590904762577,0.10464897293744652
MPPS\MPPS\women\Screenshot 2024-11-17 230848.png,0.48508402552922647,0.24039488277965587,0.26874408584245535,0.14539791053154982
MPPS\MPPS\women\Screenshot 2024-11-17 230907.png,0.41386422561013314,0.26590980827670824,0.29397511578237834,0.17131060048856991
MPPS\MPPS\women\Screenshot 2024-11-17 230923.png,0.37675565105996367,0.26376763817253196,0.2730227505633232,0.14796750959412203
MPPS\MPPS\women\Screenshot 2024-11-17 230938.png,0.38956184773632585,0.28417895539748145,0.2568692847382218,0.17011165304187506
MPPS\MPPS\women\Screenshot 2024-11-17 230952.png,0.39937840185684276,0.2859152935399468,0.3376416380270774,0.17674761887101054
MPPS\MPPS\women\Screenshot 2024-11-17 231025.png,0.47352980445819554,0.2289747445647151,0.3100128208535929,0.17727664359852593
MPPS\MPPS\women\Screenshot 2024-11-17 231101.png,0.46447499382148133,0.22004749452226205,0.31777108775631496,0.16735190504340108
MPPS\MPPS\women\Screenshot 2024-11-17 231155.png,0.4982676500862532,0.24144545129205472,0.2748793901573001,0.15053626099608777
MPPS\MPPS\women\Screenshot 2024-11-17 231208.png,0.4815506382586553,0.2232987973795147,0.2676805421437389,0.17050454744813562
MPPS\MPPS\women\Screenshot 2024-11-17 231222.png,0.4589548092755543,0.23021091257615728,0.31486911768451464,0.18753513389129273
MPPS\MPPS\women\Screenshot 2024-11-17 231242.png,0.49084836182007147,0.25443610523393806,0.13909111435620986,0.15097196731809354
MPPS\MPPS\women\Screenshot 2024-11-17 231254.png,0.4533274699448235,0.2526570816202331,0.2553502641155033,0.1536486758531313
MPPS\MPPS\women\Screenshot 2024-11-17 231315.png,0.4254953067695441,0.2494024826112823,0.3475355184943985,0.19958928084771102
MPPS\MPPS\women\Screenshot 2024-11-17 231344.png,0.5102961516489685,0.2672218192219141,0.308156416178732,0.18353667201085289
MPPS\MPPS\women\Screenshot 2024-11-17 231421.png,0.504564051394724,0.25476529087164235,0.3161857142820325,0.21021341998285248
MPPS\MPPS\women\Screenshot 2024-11-17 231433.png,0.4321030656534113,0.23741169030958298,0.24758664990316223,0.16001273674871674
MPPS\MPPS\women\Screenshot 2024-11-17 231505.png,0.44885883342464133,0.23872827924997128,0.309248927350558,0.18256468830993303
MPPS\MPPS\women\Screenshot 2024-11-17 231516.png,0.4270161182588243,0.230913764686422,0.2264986667753552,0.15224625709752806
MPPS\MPPS\women\Screenshot 2024-11-17 231529.png,0.5337424950906704,0.2566830168609443,0.26174667083456493,0.15566908598397527
MPPS\MPPS\women\Screenshot 2024-11-17 231607.png,0.4816320893317099,0.2581595358449707,0.33556275462850116,0.19152413414638378
MPPS\MPPS\women\Screenshot 2024-11-17 231620.png,0.5133632206836677,0.2012049701638723,0.23279597732649088,0.16968328216325018
MPPS\MPPS\women\Screenshot 2024-11-17 231640.png,0.5132160803109074,0.19193712738459043,0.346624003759472,0.22270983512794246
MPPS\MPPS\women\Screenshot 2024-11-17 231655.png,0.49720850936375566,0.2501184708539483,0.3181802710008051,0.2015259205011158
MPPS\MPPS\women\Screenshot 2024-11-17 231716.png,0.48772687703369066,0.2619641634276933,0.3626882515224408,0.2377909988370434
MPPS\MPPS\women\Screenshot 2024-11-17 231858.png,0.49110398523479604,0.2600679500386422,0.33282201419749025,0.19265995322326346
MPPS\MPPS\women\Screenshot 2024-11-17 232001.png,0.48007451052348304,0.2416504106051285,0.339936359162534,0.18712550327280186
MPPS\MPPS\women\Screenshot 2024-11-17 232340.png,0.46705467304683523,0.2523547633991927,0.36369133538726084,0.20027751022787976
MPPS\MPPS\women\Screenshot 2024-11-17 232401.png,0.46880321020421767,0.26786410261930554,0.3806893891748933,0.21781313242859845
MPPS\MPPS\women\Screenshot 2024-11-17 232415.png,0.4852065172978688,0.2342045659659692,0.3269494120878595,0.1788192287321791
MPPS\MPPS\women\Screenshot 2024-11-17 232443.png,0.4351486631464122,0.253092326300961,0.3728178064726967,0.20810548783645041
MPPS\MPPS\women\Screenshot 2024-11-17 232500.png,0.4687632515962461,0.28907811914198117,0.42498928545752884,0.22355931978850843
MPPS\MPPS\women\Screenshot 2024-11-17 232513.png,0.420443821828942,0.27462691330394995,0.49068008612448183,0.250541504747907
MPPS\MPPS\women\Screenshot 2024-11-17 232532.png,0.4755572822190515,0.2602600120362784,0.29513279540992204,0.15635706474647312
MPPS\MPPS\women\Screenshot 2024-11-17 232548.png,0.5030113471222717,0.2260717444368185,0.3302609142019057,0.19618688914766885
MPPS\MPPS\women\Screenshot 2024-11-17 232600.png,0.5322518484766754,0.22837125736765618,0.30147542729721943,0.18678368003061288
MPPS\MPPS\women\Screenshot 2024-11-17 232610.png,0.5156589096987823,0.22021515540674283,0.2809166767615865,0.17164520768930927
MPPS\MPPS\women\Screenshot 2024-11-17 232622.png,0.5076920816975743,0.2304119181796924,0.2433447890809322,0.13774782933967195
MPPS\MPPS\women\Screenshot 2024-11-17 232632.png,0.5232179119220306,0.2512911388824672,0.30763983113711435,0.17761498797172268
MPPS\MPPS\women\Screenshot 2024-11-17 232649.png,0.4730569184430303,0.2559243487903857,0.32366765087654836,0.19474964605844935
MPPS\MPPS\women\Screenshot 2024-11-17 232704.png,0.4399315720179771,0.27573099187651945,0.37168476435476494,0.19658748435106746
MPPS\MPPS\women\Screenshot 2024-11-17 232719.png,0.4383845318887752,0.27154902646410545,0.4382926947297242,0.25243690960546467
MPPS\MPPS\women\Screenshot 2024-11-17 232739.png,0.5291616572621223,0.28672418660191873,0.37136670645865755,0.23108620958683065
MPPS\MPPS\women\Screenshot 2024-11-17 232750.png,0.5066772092059317,0.25970019935325533,0.23263335308491848,0.15507491808136803
MPPS\MPPS\women\Screenshot 2024-11-17 232810.png,0.4863987967133944,0.245438676144449,0.27506227196926025,0.19247372275676713
MPPS\MPPS\women\Screenshot 2024-11-17 232830.png,0.4589481481558446,0.2638332234868619,0.30084891827062504,0.19984619441830284
MPPS\MPPS\women\Screenshot 2024-11-17 232851.png,0.47595052297563145,0.26981112245906397,0.2610528313752075,0.17382129304384455
MPPS\MPPS\women\Screenshot 2024-11-17 232909.png,0.5073119216199312,0.24736077298726722,0.31334488352189305,0.1900774436828947
MPPS\MPPS\women\Screenshot 2024-11-17 232923.png,0.4962412252782952,0.2637757858776206,0.3628828757422451,0.2128863583667921
MPPS\MPPS\women\Screenshot 2024-11-17 232935.png,0.45778053871297814,0.2248785287164167,0.3157295204010701,0.17660226432592463
MPPS\MPPS\women\Screenshot 2024-11-17 232950.png,0.48876049270291977,0.21864103266696955,0.27344136941866254,0.15228989152238895
MPPS\MPPS\women\Screenshot 2024-11-17 233001.png,0.5273658573962531,0.1664964341657423,0.2400580607909951,0.14102838612866223
MPPS\MPPS\women\Screenshot 2024-11-17 233011.png,0.4094707423303983,0.2190893706549792,0.2896915268237672,0.1757946899147687
MPPS\MPPS\women\Screenshot 2024-11-17 233028.png,0.4624508712221961,0.23617437649112313,0.26977803802397704,0.1502326455623467
MPPS\MPPS\women\Screenshot 2024-11-17 233047.png,0.48129261850132077,0.22917054759037606,0.21586785022688407,0.12729305196307103
MPPS\MPPS\women\Screenshot 2024-11-17 233058.png,0.4118732187790855,0.301390388261371,0.28130092858180517,0.147276288552141
MPPS\MPPS\women\Screenshot 2024-11-17 233117.png,0.4403419190936379,0.26967210240432493,0.3310996094180622,0.1879244799412986
MPPS\MPPS\women\Screenshot 2024-11-17 233130.png,0.38564220270206656,0.22449456824863978,0.34434095296336203,0.20010758844611973
MPPS\MPPS\women\Screenshot 2024-11-17 233146.png,0.45039663756459297,0.23178146485268997,0.282130580141135,0.1544618134947836
MPPS\MPPS\women\Screenshot 2024-11-17 233159.png,0.4279100475706347,0.21502400597962734,0.24772112954890896,0.14817449299099805
MPPS\MPPS\women\Screenshot 2024-11-17 233210.png,0.5027780033899744,0.23068332259190097,0.21622164509653374,0.11167458690829843
MPPS\MPPS\women\Screenshot 2024-11-17 233223.png,0.5023126423397544,0.2555191292493123,0.22581032276021032,0.18114340452896877
MPPS\MPPS\women\Screenshot 2024-11-17 233244.png,0.48636397754922506,0.2626574145687735,0.300969866451376,0.18584397826330182
MPPS\MPPS\women\Screenshot 2024-11-17 233255.png,0.5088344870543602,0.24065461291076978,0.2620384764515277,0.18369487009898114
MPPS\MPPS\women\Screenshot 2024-11-17 233330.png,0.4944313346951234,0.261449131094823,0.3594015204672207,0.20816493681517023
MPPS\MPPS\women\Screenshot 2024-11-17 233342.png,0.4969349650146712,0.28342062340916396,0.3446691642230485,0.19607929750691372
MPPS\MPPS\women\Screenshot 2024-11-17 233358.png,0.4121283394263369,0.23544562466854832,0.33843301309924845,0.17897335983937354
MPPS\MPPS\women\Screenshot 2024-11-17 233417.png,0.4723815237841538,0.2523083565308663,0.26842313417420177,0.13033885359651853
MPPS\MPPS\women\Screenshot 2024-11-17 233428.png,0.5145691957802172,0.24765931834382857,0.31347641848231567,0.18475792007647365
MPPS\MPPS\women\Screenshot 2024-11-17 233443.png,0.47550478753363357,0.23806091028331292,0.30081068653568555,0.1565180176548987
MPPS\MPPS\women\Screenshot 2024-11-17 233454.png,0.5247418134440981,0.2392216091550513,0.29281151878239037,0.08849246422714756
MPPS\MPPS\women\Screenshot 2024-11-17 233524.png,0.46047404122355534,0.26867808678721045,0.3705921960849235,0.16740629849549168
MPPS\MPPS\women\Screenshot 2024-11-17 233538.png,0.45028217423503186,0.2861821207383757,0.372697930196086,0.18239983546385227
MPPS\MPPS\women\Screenshot 2024-11-17 233548.png,0.4931794846916469,0.27393212692632796,0.3052591276282602,0.18047512956580078
MPPS\MPPS\women\Screenshot 2024-11-17 233601.png,0.47053909167397917,0.2210169077836501,0.25852878528497164,0.17509122078966932
MPPS\MPPS\women\Screenshot 2024-11-17 235147.png,0.44348254747831006,0.26844846425938707,0.3458306691030243,0.20202349177038761
MPPS\MPPS\women\Screenshot 2024-11-17 235200.png,0.46819749484256223,0.22232924817023822,0.2951736511214239,0.14587306347192316
MPPS\MPPS\women\Screenshot 2024-11-17 235216.png,0.4582115917795102,0.25493826335646697,0.25654591885441874,0.13404788498520456
MPPS\MPPS\women\Screenshot 2024-11-17 235316.png,0.5271374845835334,0.22774073327414115,0.35229131676012637,0.21302640569995296
MPPS\MPPS\women\Screenshot 2024-11-17 235342.png,0.45633193931341326,0.2566495775701661,0.38009166113275633,0.22973733061270601
MPPS\MPPS\women\Screenshot 2024-11-17 235359.png,0.46071005940960175,0.24264558755597554,0.3486976945799736,0.1928930809172361
MPPS\MPPS\women\Screenshot 2024-11-17 235410.png,0.5159041692171583,0.18179102069636238,0.30214027338156657,0.17236465663634154
MPPS\MPPS\women\Screenshot 2024-11-17 235433.png,0.4984411286872825,0.26716566762767546,0.30838545877858226,0.18283030615123502
MPPS\MPPS\women\Screenshot 2024-11-17 235448.png,0.4881376915539117,0.2689293238701543,0.36419212019994707,0.2202059172117927
MPPS\MPPS\women\Screenshot 2024-11-17 235503.png,0.47747195119392855,0.2476614205690692,0.3516531611335634,0.21014446829952538
MPPS\MPPS\women\Screenshot 2024-11-17 235519.png,0.48886248313004904,0.2403348775521408,0.29000405659670075,0.17930751375296028
MPPS\MPPS\women\Screenshot 2024-11-17 235533.png,0.48663646001549826,0.22916775492544944,0.31474223250394356,0.19554344377081181
MPPS\MPPS\women\Screenshot 2024-11-17 235603.png,0.4478383074874147,0.22170914609397302,0.30206679392352087,0.13819344740641054
MPPS\MPPS\women\Screenshot 2024-11-17 235617.png,0.508550243661112,0.2592711369706002,0.30208744473535654,0.20438527883447558
MPPS\MPPS\women\Screenshot 2024-11-17 235640.png,0.4690045083626567,0.25325991509911694,0.3814242958470236,0.2274090091138693
MPPS\MPPS\women\Screenshot 2024-11-17 235658.png,0.5304389500823701,0.22926598700023623,0.302714234360628,0.18516151510080964
MPPS\MPPS\women\Screenshot 2024-11-17 235750.png,0.5089846671786356,0.24057812227984224,0.3354511534373442,0.19571007012628558
MPPS\MPPS\women\Screenshot 2024-11-17 235809.png,0.47645433438677115,0.24763881475118688,0.2904806999419331,0.16678765741903276
MPPS\MPPS\women\Screenshot 2024-11-17 235840.png,0.46756830513494996,0.24205933832854304,0.35532381956036674,0.2164900805902163
MPPS\MPPS\women\Screenshot 2024-11-17 235853.png,0.4881743394460705,0.2553325370706272,0.3312981460025235,0.20400695276389907
MPPS\MPPS\women\Screenshot 2024-11-17 235910.png,0.45369276262481045,0.2547777906430244,0.40202592968448436,0.25203159157552624
MPPS\MPPS\women\Screenshot 2024-11-17 235942.png,0.5234295128786977,0.2537357064421544,0.32389176155085503,0.20554982499392785
MPPS\MPPS\women\Screenshot 2024-11-18 000005.png,0.5151612812443361,0.2461464555258975,0.28258020882913726,0.17390987419919962
MPPS\MPPS\women\Screenshot 2024-11-18 000021.png,0.4292978732956217,0.21496531297967295,0.31614866158162946,0.16958445496735725
MPPS\MPPS\women\Screenshot 2024-11-18 000050.png,0.4581350162321254,0.23394861114522433,0.41111901024359315,0.2189392015354165
MPPS\MPPS\women\Screenshot 2024-11-18 000125.png,0.49319006341097915,0.2503510205673891,0.305557872489197,0.18152044662566907
MPPS\MPPS\women\Screenshot 2024-11-18 000243.png,0.501610249550728,0.22036203157080375,0.2924896242995064,0.1875217149055132
MPPS\MPPS\women\Screenshot 2024-11-18 000257.png,0.41740708731406356,0.25243215059434243,0.3307413327863097,0.20624974597290793
MPPS\MPPS\women\Screenshot 2024-11-18 000311.png,0.4691521985732894,0.23899225558502338,0.29380726813963826,0.17999147986742994
MPPS\MPPS\women\Screenshot 2024-11-18 000324.png,0.45913780541250787,0.25228566798699037,0.3126708451646872,0.19389171268296154
MPPS\MPPS\women\Screenshot 2024-11-18 000348.png,0.4447206463627825,0.24128472678336657,0.36262098246646507,0.21538231553069215
MPPS\MPPS\women\Screenshot 2024-11-18 000413.png,0.5165533910909245,0.24456860456388624,0.3035164429016214,0.1931078446638274
MPPS\MPPS\women\Screenshot 2024-11-18 000652.png,0.4768515860932967,0.2568147051361001,0.3176028218196797,0.18246465544713394
MPPS\MPPS\women\Screenshot 2024-11-18 000937.png,0.4686414955406287,0.25819238475102324,0.3496963187357199,0.21331670024761154
MPPS\MPPS\women\Screenshot 2024-11-18 000955.png,0.5039599168125822,0.22356649122906364,0.3083255891172653,0.18810966727495176
MPPS\MPPS\women\Screenshot 2024-11-18 001035.png,0.4780804238424978,0.24009192829625928,0.3458513631615822,0.22092462081019004
MPPS\MPPS\women\Screenshot 2024-11-18 001046.png,0.49147154151594974,0.2192313535577977,0.28257130960954163,0.16816006548712434
MPPS\MPPS\women\Screenshot 2024-11-18 001059.png,0.49180525291894167,0.2122077510399531,0.2830018549108546,0.16926918381539133
MPPS\MPPS\women\Screenshot 2024-11-18 001123.png,0.4942120398151038,0.23339295135036664,0.18425190895665808,0.15131952835796053
MPPS\MPPS\women\Screenshot 2024-11-18 002226.png,0.47454588885428506,0.24644179024735668,0.3004967083444739,0.18079082404312807
MPPS\MPPS\women\Screenshot 2024-11-18 002238.png,0.4721684586037317,0.22514840654131432,0.41575083781100175,0.25289125392403994
MPPS\MPPS\women\Screenshot 2024-11-18 002253.png,0.47623545930872496,0.2547805944809638,0.33283960240178834,0.19883999471365071
MPPS\MPPS\women\Screenshot 2024-11-18 002413.png,0.42708430987303614,0.26491984430137955,0.3473002193699732,0.20243670086892182
MPPS\MPPS\women\Screenshot 2024-11-18 002425.png,0.4445289217871513,0.25522171251988623,0.3348934778926662,0.2000145231239123
MPPS\MPPS\women\Screenshot 2024-11-18 002442.png,0.41451886232470037,0.230097652134304,0.32646866891672904,0.21042858142459595
MPPS\MPPS\women\Screenshot 2024-11-18 002455.png,0.47721906189515717,0.2528852714493552,0.3767063006268583,0.2390610504178511
MPPS\MPPS\women\Screenshot 2024-11-18 002517.png,0.5104371480107346,0.22664352369552812,0.2662369076039711,0.14536504699882874
MPPS\MPPS\women\Screenshot 2024-11-18 002526.png,0.45648899381069863,0.2478800208282622,0.29358868879807054,0.17881282213298552
MPPS\MPPS\women\Screenshot 2024-11-18 002542.png,0.40914806496670086,0.19487732103383637,0.3243452689454711,0.19992392877147172
MPPS\MPPS\women\Screenshot 2024-11-18 002552.png,0.42997767500812895,0.2378004991040892,0.34214331307278917,0.20881506544826772
MPPS\MPPS\women\Screenshot 2024-11-18 002610.png,0.446009598433422,0.24689661614570826,0.3689557248406737,0.20287980153061036
MPPS\MPPS\women\Screenshot 2024-11-18 002619.png,0.4665805568354395,0.23638150990592083,0.3258423295206243,0.199519001356536
MPPS\MPPS\women\Screenshot 2024-11-18 002638.png,0.45547083280723755,0.23219644777270826,0.3212881846613804,0.1686096242395765
MPPS\MPPS\women\Screenshot 2024-11-18 002650.png,0.4574595667517986,0.21982186136490742,0.34683239240734437,0.18850488871697893
MPPS\MPPS\women\Screenshot 2024-11-18 002706.png,0.4943973187756232,0.2563930348848989,0.34060054342431767,0.1982938339556239
MPPS\MPPS\women\Screenshot 2024-11-18 002717.png,0.4859418368636315,0.2522840188189591,0.34311567393100434,0.2150886024939348
MPPS\MPPS\women\Screenshot 2024-11-18 002743.png,0.47109434004204165,0.24261255886615424,0.3492870943306855,0.22788907119274943
MPPS\MPPS\women\Screenshot 2024-11-18 002800.png,0.45296468849857585,0.22165951055566563,0.30234112148501635,0.15719423933689686
MPPS\MPPS\women\Screenshot 2024-11-18 002823.png,0.48460186947756667,0.25100046825890715,0.3347006526499939,0.17760077061592588
MPPS\MPPS\women\Screenshot 2024-11-18 002841.png,0.4795023823055851,0.2293044041933751,0.34727668196866274,0.19421713394651224
MPPS\MPPS\women\Screenshot 2024-11-18 002851.png,0.49641471517628444,0.22767366279645315,0.3186496682241612,0.19450033478353623
MPPS\MPPS\women\Screenshot 2024-11-18 002910.png,0.48539082943039075,0.2586863177055725,0.3833838210947382,0.21297278133072292
MPPS\MPPS\women\Screenshot 2024-11-18 002925.png,0.4756428169949274,0.2261518120955833,0.35710014185312355,0.22072752980660845
MPPS\MPPS\women\Screenshot 2024-11-18 002941.png,0.5154835395954325,0.2596370352721388,0.3271013679901666,0.2027232837550596
MPPS\MPPS\women\Screenshot 2024-11-18 002958.png,0.48302455530871635,0.25729997889132794,0.396651625667412,0.24538871075693552
MPPS\MPPS\women\Screenshot 2024-11-18 003004.png,0.49418146775227134,0.23733622274647256,0.4779958271036208,0.26524275626435706
MPPS\MPPS\women\Screenshot 2024-11-18 003016.png,0.5450768613263097,0.247687386698399,0.3681927189766493,0.1901038408912018
MPPS\MPPS\women\Screenshot 2024-11-18 003035.png,0.4754311280926803,0.2638239701313148,0.4095180789666137,0.2441081823236321
MPPS\MPPS\women\Screenshot 2024-11-18 003047.png,0.5183681452423737,0.21981577955714104,0.35986417769012485,0.24115459715805418
MPPS\MPPS\women\Screenshot 2024-11-18 003122.png,0.4980709813222623,0.20084639134273116,0.38611659507850143,0.2329613464136007
MPPS\MPPS\women\Screenshot 2024-11-18 004436.png,0.5186394423147586,0.22792443739404755,0.3566408391754911,0.21527079720003026
MPPS\MPPS\women\Screenshot 2024-11-18 004509.png,0.4822528756408492,0.2555955842649662,0.41498576344533317,0.2611390249447128
MPPS\MPPS\women\Screenshot 2024-11-18 004541.png,0.53402198428619,0.20957896713098617,0.37798590932258647,0.21468733173662097
MPPS\MPPS\women\Screenshot 2024-11-18 004602.png,0.4862627915507722,0.1916643911702283,0.2924842764662818,0.17803521675070225
MPPS\MPPS\women\Screenshot 2024-11-18 004613.png,0.42937439792395443,0.24598258850053079,0.3186500233815422,0.20784324769013565
MPPS\MPPS\women\Screenshot 2024-11-18 004626.png,0.5111499357009611,0.2322888953207202,0.22794252439237653,0.13857141799711417
MPPS\MPPS\women\Screenshot 2024-11-18 004643.png,0.484641753650584,0.25134348148508995,0.30054472101927204,0.16565415641249265
MPPS\MPPS\women\Screenshot 2024-11-18 004707.png,0.5009222125869309,0.2427423078884352,0.38257135454447505,0.22793475750895492
MPPS\MPPS\women\Screenshot 2024-11-18 004723.png,0.5000285280345624,0.24931553799645004,0.3095178859541382,0.16875547527767812
MPPS\MPPS\women\Screenshot 2024-11-18 005250.png,0.5201582648265191,0.23733606753912026,0.2946900123216769,0.17141859083216743
MPPS\MPPS\women\Screenshot 2024-11-18 005354.png,0.4739354366383438,0.23431550187000494,0.3455245010626503,0.1862926195258782
MPPS\MPPS\women\Screenshot 2024-11-18 005408.png,0.47583468979181476,0.2322725558391335,0.3930798473851274,0.2116061610023629
MPPS\MPPS\women\Screenshot 2024-11-18 005432.png,0.4580085007277548,0.2088374077750046,0.3229290375989691,0.17449219458737186
MPPS\MPPS\women\Screenshot 2024-11-18 005450.png,0.4868466852422645,0.24346992785729266,0.3623986822043239,0.21320425636933488
MPPS\MPPS\women\Screenshot 2024-11-18 005516.png,0.5181742879116057,0.265353980347779,0.46185700441080285,0.22834879173040856
MPPS\MPPS\women\Screenshot 2024-11-18 005528.png,0.4840232057916203,0.29055293727809195,0.48839236506210804,0.2476880533088591
MPPS\MPPS\women\Screenshot 2024-11-18 005537.png,0.44231054038608486,0.2572096458858279,0.3296544258644377,0.17085590992545027
MPPS\MPPS\women\Screenshot 2024-11-18 005553.png,0.48478133628725756,0.28048447061362636,0.3598679317992629,0.21501032978117565
MPPS\MPPS\women\Screenshot 2024-11-18 005618.png,0.47587589219846765,0.2588110119582886,0.37631263771339757,0.22203589444794816
MPPS\MPPS\women\Screenshot 2024-11-18 005635.png,0.533022996271092,0.2683213496778126,0.3659986505441829,0.20486292057180763
MPPS\MPPS\women\Screenshot 2024-11-18 005651.png,0.47475608844963135,0.27509363603138687,0.376819610175936,0.21130172827192673
MPPS\MPPS\women\Screenshot 2024-11-18 005711.png,0.501880688882118,0.2653228393025969,0.37946918538059515,0.233012457641896
MPPS\MPPS\women\Screenshot 2024-11-18 005725.png,0.48735495214566066,0.24719493527719505,0.35977966201025385,0.21380789048871213
MPPS\MPPS\women\Screenshot 2024-11-18 005747.png,0.5023410533509101,0.21896121152925074,0.26206035258461485,0.17723178596239905
MPPS\MPPS\women\Screenshot 2024-11-18 005824.png,0.5171555994847543,0.22634932499081475,0.3051425418069624,0.1911420693153838
MPPS\MPPS\women\Screenshot 2024-11-18 005910.png,0.5181073691562224,0.24100341121410263,0.3340808597457515,0.1999386280711359
MPPS\MPPS\women\Screenshot 2024-11-18 005931.png,0.4664658968533608,0.2490499151582471,0.4018061095710177,0.22532472853712177
MPPS\MPPS\women\Screenshot 2024-11-18 005951.png,0.505970645089953,0.243249811627604,0.3599497250943944,0.1781416285030163
MPPS\MPPS\women\Screenshot 2024-11-18 010010.png,0.4865935266780032,0.23637770576886427,0.30756834374117326,0.15625131612481122
MPPS\MPPS\women\Screenshot 2024-11-18 010026.png,0.47884386202383356,0.23157944039619732,0.30397635599101563,0.18674865723040104
MPPS\MPPS\women\Screenshot 2024-11-18 010044.png,0.5127777626863897,0.2121526198816932,0.3212723582530789,0.17268032936993447
MPPS\MPPS\women\Screenshot 2024-11-18 010108.png,0.45949592407871404,0.2207595252150595,0.28700121329934986,0.1672107753002898
MPPS\MPPS\women\Screenshot 2024-11-18 010133.png,0.4925017455437544,0.2447063537740931,0.2490174473179104,0.1554876850326517
MPPS\MPPS\women\Screenshot 2024-11-18 010218.png,0.4973002264042094,0.25926795677274317,0.27232532363412676,0.17678967377859353
MPPS\MPPS\women\Screenshot 2024-11-18 010229.png,0.4977914800079093,0.2592287854260927,0.29925362370322733,0.17676332129397368
MPPS\MPPS\women\Screenshot 2024-11-18 010308.png,0.4334890646293986,0.2772386120519341,0.2962235049538357,0.17392877979590038
MPPS\MPPS\women\Screenshot 2024-11-18 010335.png,0.4420439387823238,0.2641293236461027,0.44830929676943243,0.2530956454275803
MPPS\MPPS\women\Screenshot 2024-11-18 010608.png,0.5041622269517979,0.2462782947171959,0.30587964405950935,0.20307012817222822
MPPS\MPPS\women\Screenshot 2024-11-18 010730.png,0.4415126351655466,0.27369438508082844,0.2944115440147349,0.14135337868213974
MPPS\MPPS\women\Screenshot 2024-11-18 010835.png,0.4379257458714791,0.2711432812929765,0.3156344162950078,0.17973406657285132
MPPS\MPPS\women\Screenshot 2024-11-18 010924.png,0.522098981206674,0.24065890781471044,0.24727516607879232,0.1444543260702718
MPPS\MPPS\women\Screenshot 2024-11-18 011010.png,0.5007933490611434,0.25837139618228905,0.5034706920203548,0.264772232814303
MPPS\MPPS\women\Screenshot 2024-11-18 011637.png,0.5007647473720686,0.23481882731406442,0.2858339537986142,0.2311036540365167
MPPS\MPPS\women\Screenshot 2024-11-18 011648.png,0.48729428500251426,0.24537124499835358,0.3616738573779246,0.24126781046527876
MPPS\MPPS\women\Screenshot 2024-11-18 011701.png,0.5048671047331895,0.25024819302483464,0.34030113248640576,0.1646631190348734
MPPS\MPPS\women\Screenshot 2024-11-18 011715.png,0.6026170542109415,0.2559448097460534,0.299366467153848,0.16529588593871397
MPPS\MPPS\women\Screenshot 2024-11-18 011733.png,0.4874187477475917,0.28660647061435834,0.34603964460100967,0.2111686270227438
MPPS\MPPS\women\Screenshot 2024-11-18 011744.png,0.4264913765179966,0.2827889403003234,0.30716589493419916,0.16959081754064878
MPPS\MPPS\women\Screenshot 2024-11-18 011800.png,0.40442293906130744,0.23710698174756312,0.23893189817007002,0.14132949599910594
MPPS\MPPS\women\Screenshot 2024-11-18 011817.png,0.43354297213187504,0.2400752242937833,0.34195913533144456,0.22921239103599392
MPPS\MPPS\women\Screenshot 2024-11-18 011829.png,0.49528072041758875,0.24272380919533001,0.30706279098370515,0.1882672755647829
MPPS\MPPS\women\Screenshot 2024-11-18 011840.png,0.49434279372640455,0.24644844917270695,0.36381074171321637,0.19588168310431614
MPPS\MPPS\women\Screenshot 2024-11-18 011911.png,0.4872506064274062,0.26058426211623226,0.34969706691913993,0.2029518491807838
MPPS\MPPS\women\Screenshot 2024-11-18 011932.png,0.5189113621831942,0.2695476344421245,0.40470515292422893,0.25360914626087183
MPPS\MPPS\women\Screenshot 2024-11-18 012103.png,0.4582764911094827,0.2974482502302462,0.2761665494891182,0.21572181727165254
MPPS\MPPS\women\Screenshot 2024-11-18 012118.png,0.4979369825941877,0.2516805722627804,0.4014102088983529,0.24192405027238426
MPPS\MPPS\women\Screenshot 2024-11-18 012133.png,0.42694873759401386,0.29918296393188665,0.2286939964446754,0.13901058549960213
MPPS\MPPS\women\Screenshot 2024-11-18 012157.png,0.4627292060192947,0.26513554987160326,0.2888188255435091,0.17257222648238155
MPPS\MPPS\women\Screenshot 2024-11-18 012225.png,0.5230764141640184,0.1865864515887177,0.2773810512544728,0.18474990623385298
MPPS\MPPS\women\Screenshot 2024-11-18 012240.png,0.48843204434880655,0.2206897787648807,0.34917232266330867,0.22086400841948772
MPPS\MPPS\women\Screenshot 2024-11-18 012254.png,0.47762055758863886,0.25156541154537876,0.3583703090481059,0.21088498221651247
MPPS\MPPS\women\Screenshot 2024-11-18 012325.png,0.49094751090280075,0.242937475895358,0.29820120807982703,0.20452125835808946
MPPS\MPPS\women\Screenshot 2024-11-18 012336.png,0.4381760634319369,0.20158327717704277,0.28544948564080963,0.1548482773353845
MPPS\MPPS\women\Screenshot 2024-11-18 012348.png,0.46767067492567505,0.2347376062265409,0.3088254945251655,0.18686051814842713
MPPS\MPPS\women\Screenshot 2024-11-18 012405.png,0.4434781047141786,0.25391656963283776,0.38667476804862655,0.20627119453637516
MPPS\MPPS\women\Screenshot 2024-11-18 012418.png,0.4750028077738677,0.23406824431301154,0.2940125321402681,0.16370227286549366
MPPS\MPPS\women\Screenshot 2024-11-18 012433.png,0.44374607978902947,0.2280190823618393,0.32406047146033123,0.1658978400885438
MPPS\MPPS\women\Screenshot 2024-11-18 012445.png,0.47934878777522616,0.25916919364393726,0.28492743119190334,0.1433524502137799
MPPS\MPPS\women\Screenshot 2024-11-18 012512.png,0.4577732234690909,0.27587308789015447,0.3521048325779853,0.1856653378033354
MPPS\MPPS\women\Screenshot 2024-11-18 012529.png,0.4815143617824543,0.2780091104419258,0.4010811195414595,0.23720762600830875
MPPS\MPPS\women\Screenshot 2024-11-18 012547.png,0.45016781679865187,0.23084524874391368,0.3955031019531818,0.21391988267199732
MPPS\MPPS\women\Screenshot 2024-11-18 012600.png,0.452233885796898,0.2588290829857021,0.384819365721535,0.19965049679551575
MPPS\MPPS\women\Screenshot 2024-11-18 012610.png,0.49341820079995885,0.26410230156916725,0.3685870839094506,0.2134396045629964
MPPS\MPPS\women\Screenshot 2024-11-18 012620.png,0.4388664720991516,0.23010895557156985,0.35331983230173936,0.1818225474108528
MPPS\MPPS\women\Screenshot 2024-11-18 012631.png,0.45059311137814007,0.2436321975344423,0.3541471909936485,0.19537127965142514
MPPS\MPPS\women\Screenshot 2024-11-18 012642.png,0.4679765300183938,0.19685136489532992,0.4090993402113083,0.22286548186216876
MPPS\MPPS\women\Screenshot 2024-11-18 012657.png,0.48185511488911814,0.27468133199853806,0.46120454803868466,0.24248186949131592
MPPS\MPPS\women\Screenshot 2024-11-18 012713.png,0.4713452831414279,0.270741822716705,0.4333251503574145,0.23342953087372442
MPPS\MPPS\women\Screenshot 2024-11-18 012724.png,0.4930264601866587,0.23664246780850928,0.3408897955345412,0.21278916835914868
MPPS\MPPS\women\Screenshot 2024-11-18 012736.png,0.5011316513748237,0.2273015630022673,0.34117276214854636,0.22138891139710076
MPPS\MPPS\women\Screenshot 2024-11-18 012752.png,0.40626810202054175,0.26840957921458725,0.37313085529070183,0.2113846780009831
MPPS\MPPS\women\Screenshot 2024-11-18 012804.png,0.42267054447063473,0.25176929347520066,0.3765865060401385,0.20858741417850138
MPPS\MPPS\women\Screenshot 2024-11-18 012814.png,0.47158863447419974,0.2734479658619724,0.34968308727305886,0.19141815137724447
MPPS\MPPS\women\Screenshot 2024-11-18 012831.png,0.5073444330909125,0.23694541754107556,0.40182272736361074,0.2063393180129451
MPPS\MPPS\women\Screenshot 2024-11-18 012844.png,0.48260310634884945,0.27300277231959286,0.39112265363564847,0.2257993082617138
MPPS\MPPS\women\Screenshot 2024-11-18 012901.png,0.4086017575366346,0.26230747166396823,0.32362546506280504,0.18331726566570639
MPPS\MPPS\women\Screenshot 2024-11-18 012912.png,0.5112001021953266,0.23963191042541696,0.3501354698597302,0.18677599995166747
MPPS\MPPS\women\Screenshot 2024-11-18 012927.png,0.4718205714183077,0.23133599308497457,0.24261012180993896,0.14900891555956064
MPPS\MPPS\women\Screenshot 2024-11-18 012937.png,0.45873625607798335,0.2514972867239989,0.3476520691138492,0.19843817734175628
MPPS\MPPS\women\Screenshot 2024-11-18 012954.png,0.5031356459677215,0.21328164608133834,0.3049140479033331,0.16894401560467182
MPPS\MPPS\women\Screenshot 2024-11-18 013008.png,0.49321336058160836,0.23622862990675347,0.2718686098282256,0.1877251219965035
MPPS\MPPS\women\Screenshot 2024-11-18 013122.png,0.5051918302603943,0.26632986238070916,0.3181652169790379,0.1814829908656327
MPPS\MPPS\women\Screenshot 2024-11-18 013135.png,0.43639383392542347,0.29281820299893246,0.2790646802665422,0.1604455711989897
MPPS\MPPS\women\Screenshot 2024-11-18 013147.png,0.4640751546965509,0.29607575837334865,0.41973584401355846,0.22408171763023133
MPPS\MPPS\women\Screenshot 2024-11-18 013157.png,0.4777926015622617,0.27745759227490674,0.40260603871050904,0.21136867583361846
MPPS\MPPS\women\Screenshot 2024-11-18 013211.png,0.45600692092869793,0.2245455584814241,0.38590838139072375,0.20808753174209
MPPS\MPPS\women\Screenshot 2024-11-18 013221.png,0.4393488886515463,0.16023023467105196,0.31130563536331074,0.18029610823510522
MPPS\MPPS\women\Screenshot 2024-11-18 013232.png,0.44015482285253554,0.22823851582198493,0.3628384181286326,0.19807093696425973
MPPS\MPPS\women\Screenshot 2024-11-18 013245.png,0.45465122283262976,0.23089050124144994,0.2655985793856745,0.13374979032580672
MPPS\MPPS\women\Screenshot 2024-11-18 014535.png,0.4407892246775527,0.2645519089411167,0.30296031582817295,0.16473024129088748
MPPS\MPPS\women\Screenshot 2024-11-18 014545.png,0.41054899084695573,0.25812219877003295,0.24387569208728022,0.0964638736177429
MPPS\MPPS\women\Screenshot 2024-11-18 014603.png,0.4764964562698901,0.2555962301215466,0.3644334872350481,0.1937726274806423
MPPS\MPPS\women\Screenshot 2024-11-18 014619.png,0.4377325609432284,0.2730676283131795,0.4678116221674034,0.21423795280205654
MPPS\MPPS\women\Screenshot 2024-11-18 014641.png,0.4922862720126056,0.22709669805523844,0.25963873793980147,0.12506230331369775
MPPS\MPPS\women\Screenshot 2024-11-18 014659.png,0.5106206985910035,0.2310560278442459,0.2312786202426026,0.12182723315533409
MPPS\MPPS\women\Screenshot 2024-11-18 014732.png,0.5079154738310832,0.23471007296531718,0.24169268002317876,0.14207669484350136
MPPS\MPPS\women\Screenshot 2024-11-18 014746.png,0.4756321678939977,0.24484225208622676,0.24756352425910486,0.14241713381711504
MPPS\MPPS\women\Screenshot 2024-11-18 014758.png,0.48785838389257524,0.26222049443301954,0.2704723692797828,0.14015842904494824
MPPS\MPPS\women\Screenshot 2024-11-18 014812.png,0.437634092819365,0.22510199784836155,0.27603589630469066,0.073443843246666
MPPS\MPPS\women\Screenshot 2024-11-18 014824.png,0.45334549401896973,0.2324407136396041,0.29189623599607756,0.14948342452449045
MPPS\MPPS\women\Screenshot 2024-11-18 014844.png,0.5016072153371858,0.24320785563378672,0.35742420632875405,0.1988818136197091
MPPS\MPPS\women\Screenshot 2024-11-18 014856.png,0.3866370627676169,0.22566349203745753,0.3038074428219435,0.1564202382464476
MPPS\MPPS\women\Screenshot 2024-11-18 014907.png,0.4301907630571543,0.2124158162515264,0.2949441434802415,0.15301600681163846
MPPS\MPPS\women\Screenshot 2024-11-18 014920.png,0.4767696212757045,0.20161678083376874,0.25028966827262733,0.1480622707414034
MPPS\MPPS\women\Screenshot 2024-11-18 014930.png,0.4854368767062714,0.24380424471565923,0.28057544989478556,0.17345801120251725
MPPS\MPPS\women\Screenshot 2024-11-18 014945.png,0.4373523919397512,0.24616395304814742,0.3591264668075764,0.18200786718015308
MPPS\MPPS\women\Screenshot 2024-11-18 015011.png,0.4722086675891304,0.22078539514655995,0.28974483495810827,0.18013332243025884
MPPS\MPPS\women\Screenshot 2024-11-18 015354.png,0.4638178990128907,0.24626346769497648,0.29290417708002064,0.16774554682856338
MPPS\MPPS\women\Screenshot 2024-11-18 015426.png,0.45051987273509675,0.24246335147364664,0.223916937069177,0.08394343236482776
MPPS\MPPS\women\Screenshot 2024-11-18 015438.png,0.47593759155275883,0.21732303689439242,0.2674751536669129,0.1438796252189395
MPPS\MPPS\women\Screenshot 2024-11-18 015516.png,0.42342867382818206,0.23281714315988977,0.2729309994980251,0.12576103891336612
MPPS\MPPS\women\Screenshot 2024-11-18 015538.png,0.400873229395593,0.1925186210200599,0.288199159398166,0.19792296771486387
MPPS\MPPS\women\Screenshot 2024-11-18 015554.png,0.40247663746508733,0.22756179067858517,0.23799835836581967,0.18880085047364228
MPPS\MPPS\women\Screenshot 2024-11-18 015612.png,0.39138588587491696,0.24997291335037425,0.2700466427997432,0.20163904395110246
MPPS\MPPS\women\Screenshot 2024-11-18 015631.png,0.4089380206963405,0.24703662347387773,0.3462550039156887,0.19169911342693197
MPPS\MPPS\women\Screenshot 2024-11-18 015644.png,0.45496344270379924,0.27234346948938754,0.2598157579698801,0.15589372490898382
MPPS\MPPS\women\Screenshot 2024-11-18 015655.png,0.44307822926768803,0.2636684338400436,0.2833667021441253,0.13532655553607556
MPPS\MPPS\women\Screenshot 2024-11-18 015713.png,0.4294525986483256,0.2642968231559443,0.3402290773287566,0.16726612222899825
MPPS\MPPS\women\Screenshot 2024-11-18 015742.png,0.43545695975784027,0.2714295713592783,0.3577814657695118,0.21344735813703355
MPPS\MPPS\women\Screenshot 2024-11-18 073056.png,0.4816310365062722,0.24135292146523657,0.2785971435793267,0.17388299294368223
MPPS\MPPS\women\Screenshot 2024-11-18 073110.png,0.5062343130697852,0.2547838092187157,0.2835683702631348,0.16248706586441336
MPPS\MPPS\women\Screenshot 2024-11-18 073123.png,0.5275920251167608,0.2737459539253006,0.25558200034230516,0.12570346037315466
MPPS\MPPS\women\Screenshot 2024-11-18 073139.png,0.4492421806160732,0.19899139919818534,0.27325774625509186,0.15449991901413107
MPPS\MPPS\women\Screenshot 2024-11-18 073156.png,0.424852833857944,0.2371165842347054,0.23456683094854858,0.15991685991748408
MPPS\MPPS\women\Screenshot 2024-11-18 073212.png,0.463991107499451,0.25972928313244653,0.23423006664757295,0.14698145127948492
MPPS\MPPS\women\Screenshot 2024-11-18 073224.png,0.45353272567409864,0.2516360887379696,0.2672806010922227,0.1653078470043388
MPPS\MPPS\women\Screenshot 2024-11-18 073236.png,0.4377065058381529,0.23635811254517855,0.25142115823344413,0.13956893553419697
MPPS\MPPS\women\Screenshot 2024-11-18 073249.png,0.4678456205005187,0.26295601600246593,0.28259037058519165,0.16293012090020734
MPPS\MPPS\women\Screenshot 2024-11-18 073305.png,0.43569867366161963,0.27831115795520933,0.2827349873803311,0.14063627558865344
MPPS\MPPS\women\Screenshot 2024-11-18 073315.png,0.4519124057382477,0.27546522758734115,0.28058054151465706,0.154783697395907
MPPS\MPPS\women\Screenshot 2024-11-18 073326.png,0.47586501728929204,0.2705496939112608,0.2466471230153504,0.1443205993768637
MPPS\MPPS\women\Screenshot 2024-11-18 073342.png,0.4453369431078393,0.2676345662286914,0.32546653269701975,0.2056744642819749
MPPS\MPPS\women\Screenshot 2024-11-18 073406.png,0.4586653670616812,0.2529279722563719,0.2546485364174594,0.14169357163002091
MPPS\MPPS\women\Screenshot 2024-11-18 073417.png,0.5008380219029671,0.2609452784867668,0.3201832243525049,0.1950084452396249
MPPS\MPPS\women\Screenshot 2024-11-18 073432.png,0.4417292211481393,0.2879429416663815,0.33351773467721013,0.15815088991723558
MPPS\MPPS\women\Screenshot 2024-11-18 073447.png,0.4840123330948934,0.27864898323885157,0.2799016932355425,0.14014873533020888
MPPS\MPPS\women\Screenshot 2024-11-18 073501.png,0.44871549202112426,0.26357815768438897,0.4159281535574116,0.24591517781511193
MPPS\MPPS\women\Screenshot 2024-11-18 073513.png,0.4350821293026032,0.2579910940336754,0.33263865807947984,0.1995162639532944
MPPS\MPPS\women\Screenshot 2024-11-18 073524.png,0.474762995713352,0.24783232534426416,0.29498711288130564,0.15813076928689718
MPPS\MPPS\women\Screenshot 2024-11-18 073543.png,0.4675438373715489,0.24595735915380507,0.32374482578198305,0.19571248014905815
MPPS\MPPS\women\Screenshot 2024-11-18 073556.png,0.4802397319041962,0.24981857945313313,0.37251750629393754,0.21636709673187712
MPPS\MPPS\women\Screenshot 2024-11-18 073607.png,0.4758747805292264,0.26669774189233264,0.3927208923495128,0.21259514093060722
MPPS\MPPS\women\Screenshot 2024-11-18 073621.png,0.45622386991282304,0.2545609860372077,0.4129696640976492,0.21508665228751045
MPPS\MPPS\women\Screenshot 2024-11-18 073637.png,0.5085948488709585,0.27637858790779724,0.32387813263709647,0.1944601853532715
MPPS\MPPS\women\Screenshot 2024-11-18 073650.png,0.515788821318473,0.2537202498613326,0.3557247711255453,0.22565086990870972
MPPS\MPPS\women\Screenshot 2024-11-18 073707.png,0.4839744731925553,0.2746015433865619,0.24502043307140822,0.19436565432225006
MPPS\MPPS\women\Screenshot 2024-11-18 073721.png,0.448435134222671,0.21546199370209826,0.31484641182078477,0.18202686115414302
MPPS\MPPS\women\Screenshot 2024-11-18 073739.png,0.44345241159754056,0.24294886260249296,0.43709543169362136,0.2709805801837227
MPPS\MPPS\women\Screenshot 2024-11-18 073756.png,0.446867432972449,0.2599150165778425,0.2696909909946659,0.14504003507933116
MPPS\MPPS\women\Screenshot 2024-11-18 073810.png,0.47476781509248084,0.2757346754414804,0.343402493212052,0.166664049157204
MPPS\MPPS\women\Screenshot 2024-11-18 073824.png,0.4875183170613481,0.29913839691390315,0.3835427454297166,0.18898898671028502
MPPS\MPPS\women\Screenshot 2024-11-18 073838.png,0.4778122534649494,0.2906672368227952,0.33638278549302547,0.15560943296660212
MPPS\MPPS\women\Screenshot 2024-11-18 073857.png,0.4746332001685141,0.2724616471662865,0.29536600857380624,0.15830529144425598
MPPS\MPPS\women\Screenshot 2024-11-18 073912.png,0.4600323222286012,0.26553802937600673,0.32166978391332685,0.191384969689664
MPPS\MPPS\women\Screenshot 2024-11-18 073926.png,0.4446620645139413,0.25853140461599244,0.3495758048750172,0.2092267906500767
MPPS\MPPS\women\Screenshot 2024-11-18 073942.png,0.44369742763582254,0.2287090099021935,0.34278746605637805,0.19187765291401299
MPPS\MPPS\women\Screenshot 2024-11-18 073957.png,0.4897215080145784,0.24537690455198613,0.29688774888357344,0.1903799481792367
MPPS\MPPS\women\Screenshot 2024-11-18 074012.png,0.465224006835406,0.28132929324362765,0.25101707205880464,0.14706387069428997
MPPS\MPPS\women\Screenshot 2024-11-18 074034.png,0.5128809187425543,0.2234740851591224,0.2625309283328271,0.1534186988438962
MPPS\MPPS\women\Screenshot 2024-11-18 074046.png,0.4389374196191437,0.23382416301724632,0.28809836658754423,0.16677243617554818
MPPS\MPPS\women\Screenshot 2024-11-18 074102.png,0.44682723727337526,0.25610537708497483,0.24445476083228956,0.13757082681447705
MPPS\MPPS\women\Screenshot 2024-11-18 074113.png,0.4688496578314974,0.22157108161348385,0.2525764152831163,0.16296966057217646
MPPS\MPPS\women\Screenshot 2024-11-18 074129.png,0.4391296029785652,0.25796393380166305,0.28662470331518075,0.15052592729461833
MPPS\MPPS\women\Screenshot 2024-11-18 074158.png,0.473355602625063,0.28538266141997803,0.26832678983929864,0.17050100012765232
MPPS\MPPS\women\Screenshot 2024-11-18 074210.png,0.45780139326607316,0.26956947318196783,0.3490972541485553,0.2198484830797315
MPPS\MPPS\women\Screenshot 2024-11-18 074231.png,0.4464896535074008,0.258506583286533,0.43265625494098303,0.22521971258102927
MPPS\MPPS\women\Screenshot 2024-11-18 074348.png,0.4595369530428317,0.25451213267355927,0.40368120100194604,0.24496995924327233
MPPS\MPPS\women\Screenshot 2024-11-18 074359.png,0.48298044574513066,0.2231829923382268,0.29652209895209586,0.19767114291039303
MPPS\MPPS\women\Screenshot 2024-11-18 074414.png,0.4995787358782023,0.26329164846218817,0.29514434060969696,0.17109660460478512
MPPS\MPPS\women\Screenshot 2024-11-18 074428.png,0.45914522449069944,0.28458839350821674,0.2727744481724703,0.14145820714990487
MPPS\MPPS\women\Screenshot 2024-11-18 074441.png,0.4996807365149538,0.25646357903911954,0.33871679689108447,0.18803866778947173
MPPS\MPPS\women\Screenshot 2024-11-18 074452.png,0.49209654308591616,0.26301405587272947,0.37359123218261003,0.2039549825514046
MPPS\MPPS\women\Screenshot 2024-11-18 074515.png,0.44538981494106605,0.24642862696289783,0.37398677312641637,0.22679449096936102
MPPS\MPPS\women\Screenshot 2024-11-18 074530.png,0.49842890012562563,0.23837564157597052,0.3088314442096332,0.19015767326845748
MPPS\MPPS\women\Screenshot 2024-11-18 074543.png,0.46992906814202257,0.2504940201743517,0.4015941724094837,0.22813663109628876
MPPS\MPPS\women\Screenshot 2024-11-18 074555.png,0.48972608483275337,0.23320015937062502,0.3256677709362943,0.19524230340327492
MPPS\MPPS\women\Screenshot 2024-11-18 074607.png,0.49574753016371537,0.22042718348212076,0.2972295630503816,0.1746649490214469
MPPS\MPPS\women\Screenshot 2024-11-18 074629.png,0.5132048948913537,0.22255016707955974,0.4335295441163135,0.27879409095865815
MPPS\MPPS\women\Screenshot 2024-11-18 074650.png,0.47795058409999963,0.29290595383286694,0.4353686429751671,0.2677436129661836
MPPS\MPPS\women\Screenshot 2024-11-18 074710.png,0.42470191534759366,0.3062695741382373,0.4224542551230033,0.21309491873685538
MPPS\MPPS\women\Screenshot 2024-11-18 074724.png,0.44733360778369996,0.2872074755211557,0.27280057644630007,0.15355500761662683
MPPS\MPPS\women\Screenshot 2024-11-18 074738.png,0.5086112035546996,0.26980295997755344,0.30625729064527196,0.1894709225189623
MPPS\MPPS\women\Screenshot 2024-11-18 074800.png,0.4892180139955468,0.2618441798491078,0.3076165022591879,0.15958921081407404
MPPS\MPPS\women\Screenshot 2024-11-18 074810.png,0.4922702399516801,0.24991242456395849,0.318486005173275,0.17320635272799006
MPPS\MPPS\women\Screenshot 2024-11-18 074828.png,0.4690904105937515,0.26248886546430367,0.3769634352412832,0.2273998399009866
MPPS\MPPS\women\Screenshot 2024-11-18 074839.png,0.443205711099127,0.24821570935427684,0.27898560690668084,0.16857244837632937
MPPS\MPPS\women\Screenshot 2024-11-18 074851.png,0.48307882682703596,0.24062571967043478,0.3385413847925957,0.20919234816109428
MPPS\MPPS\women\Screenshot 2024-11-18 074902.png,0.47805944927891003,0.2463791770294939,0.3030391415388612,0.1816414507634345
MPPS\MPPS\women\Screenshot 2024-11-18 074918.png,0.4908465478496018,0.2672730550119009,0.30050461687483243,0.18616900794854274
MPPS\MPPS\women\Screenshot 2024-11-18 074940.png,0.4964664510520505,0.25932570398017624,0.26316757509608496,0.14190135342482885
MPPS\MPPS\women\Screenshot 2024-11-18 074950.png,0.4693751371684239,0.2583579784646818,0.32159175956856756,0.14543023319397266
MPPS\MPPS\women\Screenshot 2024-11-18 075005.png,0.4580933452306645,0.24646141271047428,0.2988370527827194,0.14488747850702738
MPPS\MPPS\women\Screenshot 2024-11-18 075025.png,0.49771376294426023,0.24888843437024977,0.3056503349355297,0.16969981667773845
MPPS\MPPS\women\Screenshot 2024-11-18 075039.png,0.4912284095906546,0.23672154961987588,0.258797617269277,0.16041441771871848
MPPS\MPPS\women\Screenshot 2024-11-18 075050.png,0.43875975989609506,0.26551554548020484,0.28568090813225583,0.18170376831881296
MPPS\MPPS\women\Screenshot 2024-11-18 075103.png,0.4670755034011777,0.25974669300902764,0.3454347632986528,0.22048701986820668
MPPS\MPPS\women\Screenshot 2024-11-18 075113.png,0.4554427461061244,0.2649175848137581,0.35437718492944736,0.20994516592333554
MPPS\MPPS\women\Screenshot 2024-11-18 075131.png,0.46229596849080135,0.244251088426988,0.2662614919134292,0.1664446915904415
MPPS\MPPS\women\Screenshot 2024-11-18 075150.png,0.47742707700686576,0.2539585542725788,0.33271994149270645,0.18578995400080953
MPPS\MPPS\women\Screenshot 2024-11-18 075204.png,0.47217825077446457,0.24819519034456888,0.2661494457524927,0.15314510683035207
MPPS\MPPS\women\Screenshot 2024-11-18 075216.png,0.4958878468877369,0.2989011139499526,0.3220150905231714,0.18784786228288436
MPPS\MPPS\women\Screenshot 2024-11-18 075227.png,0.5027770317491775,0.27894526838550876,0.3621378687424314,0.21888741149785534
MPPS\MPPS\women\Screenshot 2024-11-18 075304.png,0.5015211452990971,0.2618088849212114,0.38470247648546524,0.23408319833006913
MPPS\MPPS\women\Screenshot 2024-11-18 075319.png,0.45881162866608355,0.2527551443882728,0.27048582293647455,0.13936591171774282
MPPS\MPPS\women\Screenshot 2024-11-18 075329.png,0.4739581791693539,0.2484117502531665,0.2900031172786907,0.15930148161082672
MPPS\MPPS\women\Screenshot 2024-11-18 075340.png,0.4552608519520108,0.23635217697269534,0.3069055090385432,0.15016239996609546
MPPS\MPPS\women\Screenshot 2024-11-18 075351.png,0.4759533888413542,0.2335720571983854,0.3648146281123292,0.1955606852898723
MPPS\MPPS\women\Screenshot 2024-11-18 075415.png,0.47267355092146035,0.2593044041939424,0.3371813197913832,0.20239142612376054
MPPS\MPPS\women\Screenshot 2024-11-18 075428.png,0.46829623387271563,0.2600821758679079,0.3414453528530748,0.19234794761420937
MPPS\MPPS\women\Screenshot 2024-11-18 075443.png,0.46446714310309273,0.261931912899246,0.3538814747024923,0.20215472225163048
MPPS\MPPS\women\Screenshot 2024-11-18 075454.png,0.4977124047014086,0.26228485832329634,0.26309091024331765,0.14273234721454323
MPPS\MPPS\women\Screenshot 2024-11-18 075505.png,0.4909238869399088,0.26551381888508013,0.25079564974805374,0.14761809786918342
MPPS\MPPS\women\Screenshot 2024-11-18 075516.png,0.4516379904312373,0.25696708192435375,0.22884888047342966,0.10507797365217414
MPPS\MPPS\women\Screenshot 2024-11-18 075526.png,0.49072770128900806,0.28952395495063493,0.3505800795206193,0.22579979347629608
MPPS\MPPS\women\Screenshot 2024-11-18 075551.png,0.4837096414446362,0.2574944954848813,0.3701252444741027,0.18784110578988616
MPPS\MPPS\women\Screenshot 2024-11-18 075606.png,0.5006754741554285,0.2928823500475357,0.36167066398055464,0.20414746660417485
MPPS\MPPS\women\Screenshot 2024-11-18 075616.png,0.4640171763073747,0.27937238000335757,0.3751419840241715,0.21768853658068613
MPPS\MPPS\women\Screenshot 2024-11-18 075629.png,0.46052902763268094,0.27513280105389837,0.27956593971276733,0.150637256251476
MPPS\MPPS\women\Screenshot 2024-11-18 075645.png,0.4651809215826111,0.2684056799934909,0.2712052672843071,0.16732366503561802
MPPS\MPPS\women\Screenshot 2024-11-18 075657.png,0.4804239919383123,0.23889731781612059,0.2804894572434668,0.17828754310176917
MPPS\MPPS\women\Screenshot 2024-11-18 075711.png,0.5117642870499993,0.2370056072298633,0.27508620823237345,0.15361522932547036
MPPS\MPPS\women\Screenshot 2024-11-18 075722.png,0.48421584750707813,0.292265924550529,0.30310549015750327,0.1976603260786474
MPPS\MPPS\women\Screenshot 2024-11-18 075738.png,0.454661014519362,0.2846801580742019,0.35763132285502747,0.21559748717963514
MPPS\MPPS\women\Screenshot 2024-11-18 075747.png,0.46244454471707935,0.27644077442744835,0.33377091825454885,0.19549090996807436
MPPS\MPPS\women\Screenshot 2024-11-18 075759.png,0.496951410134605,0.2821092755187254,0.4697257595885618,0.29050560344644666
MPPS\MPPS\women\Screenshot 2024-11-18 075814.png,0.49911774483443505,0.3056728962459031,0.4000491467464764,0.2402847852108337
MPPS\MPPS\women\Screenshot 2024-11-18 075828.png,0.4942768105756313,0.2817291463045332,0.3556976518359719,0.18738986487540993
MPPS\MPPS\women\Screenshot 2024-11-18 075851.png,0.47868600875366774,0.2794417645384951,0.4397271233753471,0.22740185989415404
MPPS\MPPS\women\Screenshot 2024-11-18 075902.png,0.45886070967165693,0.3137495391377363,0.32558758129005183,0.17863532663764964
MPPS\MPPS\women\Screenshot 2024-11-18 075925.png,0.4999968080920276,0.2786187435614821,0.32797615892396675,0.1971724888444115
MPPS\MPPS\women\Screenshot 2024-11-18 075935.png,0.4998705051314878,0.27689833373507555,0.33816460885071925,0.20396982986166973
MPPS\MPPS\women\Screenshot 2024-11-18 075948.png,0.5094881497368109,0.27207037352239033,0.32668075098613725,0.20871521758262332
MPPS\MPPS\women\Screenshot 2024-11-18 080012.png,0.5199709179899049,0.2774137351390825,0.26717577968448436,0.17167434696243877
MPPS\MPPS\women\Screenshot 2024-11-18 092708.png,0.454288409641817,0.30402017442648155,0.44002285375235545,0.248883337199524
MPPS\MPPS\women\Screenshot 2024-11-18 092716.png,0.413590864331317,0.2603410860715212,0.35064905654457906,0.20589760911237878
MPPS\MPPS\women\Screenshot 2024-11-18 092727.png,0.3720535921392185,0.27670054465621297,0.3352735187256246,0.19536045941584315
MPPS\MPPS\women\Screenshot 2024-11-18 092741.png,0.40803354204129794,0.268130025939781,0.34286660549064296,0.18845160362148258
MPPS\MPPS\women\Screenshot 2024-11-18 092750.png,0.4049125748708262,0.28406656173851086,0.35262739151502775,0.20828646833434405
MPPS\MPPS\women\Screenshot 2024-11-18 092806.png,0.4181583447464842,0.269698827915354,0.3101209809123271,0.1786620805244652
MPPS\MPPS\women\Screenshot 2024-11-18 102537.png,0.4531022370520723,0.24573251707947022,0.38076287622456423,0.21440686779175364
MPPS\MPPS\women\Screenshot 2024-11-18 102607.png,0.4817597975139597,0.23506900485016458,0.32221096764835966,0.18718847631754065
MPPS\MPPS\women\Screenshot 2024-11-18 103030.png,0.47765709145580504,0.2417225469344083,0.3266397911801272,0.21207708617946622
MPPS\MPPS\women\Screenshot 2024-11-18 103054.png,0.48073238854156924,0.24970015028287415,0.3602912816822383,0.22870731201753103
MPPS\MPPS\women\Screenshot 2024-11-18 103117.png,0.4513409421908928,0.25750808899448363,0.33323619023915524,0.21001634642331246
MPPS\MPPS\women\Screenshot 2024-11-18 103233.png,0.4768426003123475,0.26569055443023826,0.37613068508653985,0.22929437939889027
MPPS\MPPS\women\Screenshot 2024-11-18 103314.png,0.5164712738537409,0.2263982388876352,0.29160834689909415,0.1873681025158778
MPPS\MPPS\women\Screenshot 2024-11-18 103340.png,0.538516471866286,0.24263911499794297,0.2530223663503335,0.13614344563141376
